drop table airport1;

Create TAble airport1(
airport_id int  primary key,
airport_name varchar(100) not null,
airport_country varchar(100) not null,
airport_altitude int,
active varchar(1)
);

drop table Airport2;

Create TAble Airport2(
a_id int not null primary key,
a_name varchar(100) not null,
a_country_code varchar(5) not null,
a_altitude int
);

drop table country_code;

create table country_code(
country_name varchar(100) not null,
country_code varchar(10) primary key
);

/* Insert Country Codes*/

insert into country_code values('Afghanistan','AF');
insert into country_code values('Albania','AL');
insert into country_code values('Algeria','AG');
insert into country_code values('American Samoa','AQ');
insert into country_code values('Angola','AO');
insert into country_code values('Anguilla','AV');
insert into country_code values('Antarctica','AY');
insert into country_code values('Antigua and Barbuda','AC');
insert into country_code values('Argentina','AR');
insert into country_code values('Armenia','AM');
insert into country_code values('Aruba','AA');
insert into country_code values('Ashmore and Cartier Islands','AT');
insert into country_code values('Australia','AS');
insert into country_code values('Austria','AU');
insert into country_code values('Azerbaijan','AJ');
insert into country_code values('Bahamas','BF');
insert into country_code values('Bahrain','BA');
insert into country_code values('Baker Island','FQ');
insert into country_code values('Bangladesh','BG');
insert into country_code values('Barbados','BB');
insert into country_code values('Bassas da India','BS');
insert into country_code values('Belarus','BO');
insert into country_code values('Belgium','BE');
insert into country_code values('Belize','BH');
insert into country_code values('Benin','BN');
insert into country_code values('Bermuda','BD');
insert into country_code values('Bhutan','BT');
insert into country_code values('Bolivia','BL');
insert into country_code values('Bosnia and Herzegovina','BK');
insert into country_code values('Botswana','BC');
insert into country_code values('Bouvet Island','BV');
insert into country_code values('Brazil','BR');
insert into country_code values('British Indian Ocean Territory','IO');
insert into country_code values('British Virgin Islands','VI');
insert into country_code values('Brunei','BX');
insert into country_code values('Bulgaria','BU');
insert into country_code values('Burkina Faso','UV');
insert into country_code values('Burma','BM');
insert into country_code values('Burundi','BY');
insert into country_code values('Cambodia','CB');
insert into country_code values('Cameroon','CM');
insert into country_code values('Canada','CA');
insert into country_code values('Cape Verde','CV');
insert into country_code values('Cayman Islands','CJ');
insert into country_code values('Central African Republic','CT');
insert into country_code values('Chad','CD');
insert into country_code values('Chile','CI');
insert into country_code values('China','CH');
insert into country_code values('Christmas Island','KT');
insert into country_code values('Clipperton Island','IP');
insert into country_code values('Cocos (Keeling) Islands','CK');
insert into country_code values('Colombia','CO');
insert into country_code values('Comoros','CN');
insert into country_code values('Congo (Brazzaville)','CG');
insert into country_code values('Congo (Kinshasa)','CF');
insert into country_code values('Cook Islands','CW');
insert into country_code values('Coral Sea Islands','CR');
insert into country_code values('Costa Rica','CS');
insert into country_code values('Cote d''Ivoire','IV');
insert into country_code values('Croatia','HR');
insert into country_code values('Cuba','CU');
insert into country_code values('Cyprus','CY');
insert into country_code values('Czech Republic','EZ');
insert into country_code values('Denmark','DA');
insert into country_code values('Djibouti','DJ');
insert into country_code values('Dominica','DO');
insert into country_code values('Dominican Republic','DR');
insert into country_code values('Ecuador','EC');
insert into country_code values('Egypt','EG');
insert into country_code values('El Salvador','ES');
insert into country_code values('Equatorial Guinea','EK');
insert into country_code values('Eritrea','ER');
insert into country_code values('Estonia','EN');
insert into country_code values('Ethiopia','ET');
insert into country_code values('Europa Island','EU');
insert into country_code values('Falkland Islands','FK');
insert into country_code values('Faroe Islands','FO');
insert into country_code values('Fiji','FJ');
insert into country_code values('Finland','FI');
insert into country_code values('France','FR');
insert into country_code values('French Guiana','FG');
insert into country_code values('French Polynesia','FP');
insert into country_code values('French Southern and Antarctic Lands','FS');
insert into country_code values('Gabon','GB');
insert into country_code values('Gambia','GA');
insert into country_code values('Gaza Strip','GZ');
insert into country_code values('Georgia','GG');
insert into country_code values('Germany','GM');
insert into country_code values('Ghana','GH');
insert into country_code values('Gibraltar','GI');
insert into country_code values('Glorioso Islands','GO');
insert into country_code values('Greece','GR');
insert into country_code values('Greenland','GL');
insert into country_code values('Grenada','GJ');
insert into country_code values('Guadeloupe','GP');
insert into country_code values('Guam','GQ');
insert into country_code values('Guatemala','GT');
insert into country_code values('Guernsey','GK');
insert into country_code values('Guinea','GV');
insert into country_code values('Guinea-Bissau','PU');
insert into country_code values('Guyana','GY');
insert into country_code values('Haiti','HA');
insert into country_code values('Heard Island and McDonald Islands','HM');
insert into country_code values('Honduras','HO');
insert into country_code values('Hong Kong','HK');
insert into country_code values('Howland Island','HQ');
insert into country_code values('Hungary','HU');
insert into country_code values('Iceland','IC');
insert into country_code values('India','IN');
insert into country_code values('Indonesia','ID');
insert into country_code values('Iran','IR');
insert into country_code values('Iraq','IZ');
insert into country_code values('Ireland','EI');
insert into country_code values('Isle of Man','IM');
insert into country_code values('Israel','IS');
insert into country_code values('Italy','IT');
insert into country_code values('Jamaica','JM');
insert into country_code values('Jan Mayen','JN');
insert into country_code values('Japan','JA');
insert into country_code values('Jarvis Island','DQ');
insert into country_code values('Jersey','JE');
insert into country_code values('Johnston Atoll','JQ');
insert into country_code values('Jordan','JO');
insert into country_code values('Juan de Nova Island','JU');
insert into country_code values('Kazakhstan','KZ');
insert into country_code values('Kenya','KE');
insert into country_code values('Kingman Reef','KQ');
insert into country_code values('Kiribati','KR');
insert into country_code values('Kuwait','KU');
insert into country_code values('Kyrgyzstan','KG');
insert into country_code values('Laos','LA');
insert into country_code values('Latvia','LG');
insert into country_code values('Lebanon','LE');
insert into country_code values('Lesotho','LT');
insert into country_code values('Liberia','LI');
insert into country_code values('Libya','LY');
insert into country_code values('Lithuania','LH');
insert into country_code values('Luxembourg','LU');
insert into country_code values('Macau','MC');
insert into country_code values('Macedonia','MK');
insert into country_code values('Madagascar','MA');
insert into country_code values('Malawi','MI');
insert into country_code values('Malaysia','MY');
insert into country_code values('Maldives','MV');
insert into country_code values('Mali','ML');
insert into country_code values('Malta','MT');
insert into country_code values('Marshall Islands','RM');
insert into country_code values('Martinique','MB');
insert into country_code values('Mauritania','MR');
insert into country_code values('Mauritius','MP');
insert into country_code values('Mayotte','MF');
insert into country_code values('Mexico','MX');
insert into country_code values('Micronesia','FM');
insert into country_code values('Midway Islands','MQ');
insert into country_code values('Moldova','MD');
insert into country_code values('Monaco','MN');
insert into country_code values('Mongolia','MG');
insert into country_code values('Montenegro','MJ');
insert into country_code values('Montserrat','MH');
insert into country_code values('Morocco','MO');
insert into country_code values('Mozambique','MZ');
insert into country_code values('Namibia','WA');
insert into country_code values('Nauru','NR');
insert into country_code values('Navassa Island','BQ');
insert into country_code values('Nepal','NP');
insert into country_code values('Netherlands','NL');
insert into country_code values('Netherlands Antilles','NT');
insert into country_code values('New Caledonia','NC');
insert into country_code values('New Zealand','NZ');
insert into country_code values('Nicaragua','NU');
insert into country_code values('Niger','NG');
insert into country_code values('Nigeria','NI');
insert into country_code values('Niue','NE');
insert into country_code values('Norfolk Island','NF');
insert into country_code values('North Korea','KN');
insert into country_code values('Northern Mariana Islands','CQ');
insert into country_code values('Norway','NO');
insert into country_code values('Oman','MU');
insert into country_code values('Pakistan','PK');
insert into country_code values('Palau','PS');
insert into country_code values('Palmyra Atoll','LQ');
insert into country_code values('Panama','PM');
insert into country_code values('Papua New Guinea','PP');
insert into country_code values('Paracel Islands','PF');
insert into country_code values('Paraguay','PA');
insert into country_code values('Peru','PE');
insert into country_code values('Philippines','RP');
insert into country_code values('Pitcairn Islands','PC');
insert into country_code values('Poland','PL');
insert into country_code values('Portugal','PO');
insert into country_code values('Puerto Rico','RQ');
insert into country_code values('Qatar','QA');
insert into country_code values('Reunion','RE');
insert into country_code values('Romania','RO');
insert into country_code values('Russia','RS');
insert into country_code values('Rwanda','RW');
insert into country_code values('Saint Helena','SH');
insert into country_code values('Saint Kitts and Nevis','SC');
insert into country_code values('Saint Lucia','ST');
insert into country_code values('Saint Pierre and Miquelon','SB');
insert into country_code values('Saint Vincent and the Grenadines','VC');
insert into country_code values('Samoa','WS');
insert into country_code values('Sao Tome and Principe','TP');
insert into country_code values('Saudi Arabia','SA');
insert into country_code values('Senegal','SG');
insert into country_code values('Serbia','RB');
insert into country_code values('Seychelles','SE');
insert into country_code values('Sierra Leone','SL');
insert into country_code values('Singapore','SN');
insert into country_code values('Slovakia','LO');
insert into country_code values('Slovenia','SI');
insert into country_code values('Solomon Islands','BP');
insert into country_code values('Somalia','SO');
insert into country_code values('South Africa','SF');
insert into country_code values('South Georgia and the Islands','SX');
insert into country_code values('South Korea','KS');
insert into country_code values('South Sudan','SS');
insert into country_code values('Spain','SP');
insert into country_code values('Spratly Islands','PG');
insert into country_code values('Sri Lanka','CE');
insert into country_code values('Sudan','SU');
insert into country_code values('Suriname','NS');
insert into country_code values('Svalbard','SV');
insert into country_code values('Swaziland','WZ');
insert into country_code values('Sweden','SW');
insert into country_code values('Switzerland','SZ');
insert into country_code values('Syria','SY');
insert into country_code values('Taiwan','TW');
insert into country_code values('Tajikistan','TI');
insert into country_code values('Tanzania','TZ');
insert into country_code values('Thailand','TH');
insert into country_code values('Timor-Leste','TT');
insert into country_code values('Togo','TO');
insert into country_code values('Tokelau','TL');
insert into country_code values('Tonga','TN');
insert into country_code values('Trinidad and Tobago','TD');
insert into country_code values('Tromelin Island','TE');
insert into country_code values('Tunisia','TS');
insert into country_code values('Turkey','TU');
insert into country_code values('Turkmenistan','TX');
insert into country_code values('Turks and Caicos Islands','TK');
insert into country_code values('Tuvalu','TV');
insert into country_code values('Uganda','UG');
insert into country_code values('Ukraine','UP');
insert into country_code values('United Arab Emirates','AE');
insert into country_code values('United Kingdom','UK');
insert into country_code values('United States','US');
insert into country_code values('Uruguay','UY');
insert into country_code values('Uzbekistan','UZ');
insert into country_code values('Vanuatu','NH');
insert into country_code values('Venezuela','VE');
insert into country_code values('Vietnam','VM');
insert into country_code values('Virgin Islands','VQ');
insert into country_code values('Wake Island','WQ');
insert into country_code values('Wallis and Futuna','WF');
insert into country_code values('West Bank','WE');
insert into country_code values('Western Sahara','WI');
insert into country_code values('Yemen','YM');
insert into country_code values('Zambia','ZA');
insert into country_code values('Zimbabwe','ZI');




/* Insert data into Airport1 table */
insert into airport1 values(1,'Rotterdam','Netherlands',-5,'Y');
insert into airport1 values(2,'Lelystad','Netherlands',-4,'Y');
insert into airport1 values(3,'Schiphol','Netherlands',-3,'Y');
insert into airport1 values(4,'Valkenburg','Netherlands',0,'Y');
insert into airport1 values(5,'Emden','Germany',1,'Y');
insert into airport1 values(6,'Leer Papenburg','Germany',1,'Y');
insert into airport1 values(7,'Borkum','Germany',1,'Y');
insert into airport1 values(8,'De Kooy','Netherlands',1,'Y');
insert into airport1 values(9,'Leeuwarden','Netherlands',1,'Y');
insert into airport1 values(10,'Akureyri','Iceland',2,'Y');
insert into airport1 values(11,'Norderney','Germany',2,'Y');
insert into airport1 values(12,'Shoreham','United Kingdom',2,'Y');
insert into airport1 values(13,'Sainte Marie','Madagascar',2,'Y');
insert into airport1 values(14,'Isafjordur','Iceland',2,'Y');
insert into airport1 values(15,'Habib Bourguiba Intl','Tunisia',3,'Y');
insert into airport1 values(16,'Alta','Norway',3,'Y');
insert into airport1 values(17,'Siglufjordur','Iceland',3,'Y');
insert into airport1 values(18,'Aalborg','Denmark',3,'Y');
insert into airport1 values(19,'Aro','Norway',3,'Y');
insert into airport1 values(20,'Patreksfjordur','Iceland',3,'Y');
insert into airport1 values(21,'Bremerhaven','Germany',3,'Y');
insert into airport1 values(22,'Sligo','Ireland',3,'Y');
insert into airport1 values(23,'Neuenland','Germany',4,'Y');
insert into airport1 values(24,'Kuressaare','Estonia',4,'Y');
insert into airport1 values(25,'Drachten','Netherlands',4,'Y');
insert into airport1 values(26,'Belfast City','United Kingdom',5,'Y');
insert into airport1 values(27,'Annaba','Algeria',5,'Y');
insert into airport1 values(28,'Wilhelmshaven Mariensiel','Germany',5,'Y');
insert into airport1 values(29,'Lolland Falster Maribo','Denmark',5,'Y');
insert into airport1 values(30,'Sundsvall Harnosand','Sweden',5,'Y');
insert into airport1 values(31,'Dundee','United Kingdom',5,'Y');
insert into airport1 values(32,'Eelde','Netherlands',5,'Y');
insert into airport1 values(33,'Kastrup','Denmark',5,'Y');
insert into airport1 values(34,'Stauning','Denmark',5,'Y');
insert into airport1 values(35,'Anklam','Germany',5,'Y');
insert into airport1 values(36,'Kardla','Estonia',5,'Y');
insert into airport1 values(37,'Wewak Intl','Papua New Guinea',6,'Y');
insert into airport1 values(38,'Cadjehoun','Benin',6,'Y');
insert into airport1 values(39,'Zarzis','Tunisia',6,'Y');
insert into airport1 values(40,'Vaasa','Finland',6,'Y');
insert into airport1 values(41,'Benbecula','United Kingdom',6,'Y');
insert into airport1 values(42,'Madang','Papua New Guinea',6,'Y');
insert into airport1 values(43,'Soummam','Algeria',6,'Y');
insert into airport1 values(44,'Sidi Ahmed Air Base','Tunisia',6,'Y');
insert into airport1 values(45,'Hanko','Finland',6,'Y');
insert into airport1 values(46,'Sumburgh','United Kingdom',6,'Y');
insert into airport1 values(47,'Takoradi','Ghana',6,'Y');
insert into airport1 values(48,'Abidjan Felix Houphouet Boigny Intl','Cote d''Ivoire',6,'Y');
insert into airport1 values(49,'Hasvik','Norway',6,'Y');
insert into airport1 values(50,'Carthage','Tunisia',7,'Y');
insert into airport1 values(51,'Hamburg Finkenwerder','Germany',7,'Y');
insert into airport1 values(52,'City of Derry','United Kingdom',7,'Y');
insert into airport1 values(53,'Toamasina','Madagascar',7,'Y');
insert into airport1 values(54,'Barth','Germany',7,'Y');
insert into airport1 values(55,'Rendsburg Schachtholm','Germany',7,'Y');
insert into airport1 values(56,'Thisted','Denmark',7,'Y');
insert into airport1 values(57,'Dzaoudzi Pamandzi','Mayotte',7,'Y');
insert into airport1 values(58,'Hornafjordur','Iceland',7,'Y');
insert into airport1 values(59,'Sonderborg','Denmark',7,'Y');
insert into airport1 values(60,'Coningsby','United Kingdom',8,'Y');
insert into airport1 values(61,'Laeso','Denmark',8,'Y');
insert into airport1 values(62,'Bronnoy','Norway',8,'Y');
insert into airport1 values(63,'Banak','Norway',8,'Y');
insert into airport1 values(64,'San Pedro','Cote d''Ivoire',8,'Y');
insert into airport1 values(65,'Gabes','Tunisia',8,'Y');
insert into airport1 values(66,'Glasgow','United Kingdom',8,'Y');
insert into airport1 values(67,'Stornoway','United Kingdom',8,'Y');
insert into airport1 values(68,'Conington','United Kingdom',8,'Y');
insert into airport1 values(69,'Chivenor','United Kingdom',8,'Y');
insert into airport1 values(70,'Orland','Norway',9,'Y');
insert into airport1 values(71,'Church Fenton','United Kingdom',9,'Y');
insert into airport1 values(72,'Lista','Norway',9,'Y');
insert into airport1 values(73,'Morondava','Madagascar',9,'Y');
insert into airport1 values(74,'Inverness','United Kingdom',9,'Y');
insert into airport1 values(75,'Chilliwack','Canada',10,'N');
insert into airport1 values(76,'Arviat','Canada',10,'Y');
insert into airport1 values(77,'Lakenheath','United Kingdom',10,'Y');
insert into airport1 values(78,'Kungsangen','Sweden',10,'Y');
insert into airport1 values(79,'Mildenhall','United Kingdom',10,'Y');
insert into airport1 values(80,'Iles De La Madeleine','Canada',11,'Y');
insert into airport1 values(81,'Jijel','Algeria',11,'Y');
insert into airport1 values(82,'Woodvale','United Kingdom',11,'Y');
insert into airport1 values(83,'Floro','Norway',11,'Y');
insert into airport1 values(84,'Bournemouth','United Kingdom',12,'Y');
insert into airport1 values(85,'Tiree','United Kingdom',12,'Y');
insert into airport1 values(86,'Leuchars','United Kingdom',12,'Y');
insert into airport1 values(87,'Deurne','Belgium',12,'Y');
insert into airport1 values(88,'Lossiemouth','United Kingdom',13,'Y');
insert into airport1 values(89,'Bodo','Norway',13,'Y');
insert into airport1 values(90,'Andenes','Norway',13,'Y');
insert into airport1 values(91,'Pitea','Sweden',13,'Y');
insert into airport1 values(92,'Southampton','United Kingdom',13,'Y');
insert into airport1 values(93,'Shannon','Ireland',14,'Y');
insert into airport1 values(94,'Bandaressalam','Comoros',14,'Y');
insert into airport1 values(95,'Parnu','Estonia',14,'Y');
insert into airport1 values(96,'Cambridge','United Kingdom',14,'Y');
insert into airport1 values(97,'Husavik','Iceland',15,'Y');
insert into airport1 values(98,'Reykjavik','Iceland',15,'Y');
insert into airport1 values(99,'Gilze Rijen','Netherlands',15,'Y');
insert into airport1 values(100,'Kirkwall','United Kingdom',15,'Y');
insert into airport1 values(101,'Barkarby','Sweden',15,'Y');
insert into airport1 values(102,'Westerland Sylt','Germany',16,'Y');
insert into airport1 values(103,'Bornholm Ronne','Denmark',16,'Y');
insert into airport1 values(104,'Ysterplaat','South Africa',16,'Y');
insert into airport1 values(105,'Hamburg','Germany',16,'Y');
insert into airport1 values(106,'Lubeck Blankensee','Germany',16,'Y');
insert into airport1 values(107,'Linton On Ouse','United Kingdom',16,'Y');
insert into airport1 values(108,'Kugaaruk','Canada',17,'Y');
insert into airport1 values(109,'Islay','United Kingdom',17,'Y');
insert into airport1 values(110,'Odense','Denmark',17,'Y');
insert into airport1 values(111,'St Pierre Pierrefonds','Reunion',17,'Y');
insert into airport1 values(112,'Helsinki Malmi','Finland',17,'Y');
insert into airport1 values(113,'Kjevik','Norway',17,'Y');
insert into airport1 values(114,'Baker Lake','Canada',18,'Y');
insert into airport1 values(115,'Save','Sweden',18,'Y');
insert into airport1 values(116,'Kemi Tornio','Finland',19,'Y');
insert into airport1 values(117,'Ouani','Comoros',19,'Y');
insert into airport1 values(118,'Woensdrecht','Netherlands',19,'Y');
insert into airport1 values(119,'Notodden','Norway',19,'Y');
insert into airport1 values(120,'Amari','Estonia',20,'Y');
insert into airport1 values(121,'Prestwick','United Kingdom',20,'Y');
insert into airport1 values(122,'Soesterberg','Netherlands',20,'Y');
insert into airport1 values(123,'St Denis Gillot','Reunion',20,'Y');
insert into airport1 values(124,'Fredericton','Canada',21,'Y');
insert into airport1 values(125,'Uppsala','Sweden',21,'Y');
insert into airport1 values(126,'Vigra','Norway',21,'Y');
insert into airport1 values(127,'Baie Comeau','Canada',22,'Y');
insert into airport1 values(128,'Port Hardy','Canada',22,'Y');
insert into airport1 values(129,'Deer Lake','Canada',22,'N');
insert into airport1 values(130,'Gnassingbe Eyadema Intl','Togo',22,'Y');
insert into airport1 values(131,'Kugluktuk','Canada',23,'Y');
insert into airport1 values(132,'Eindhoven','Netherlands',23,'Y');
insert into airport1 values(133,'Skive','Denmark',23,'Y');
insert into airport1 values(134,'Nordholz','Germany',23,'Y');
insert into airport1 values(135,'Yeovilton','United Kingdom',23,'Y');
insert into airport1 values(136,'Marham','United Kingdom',23,'Y');
insert into airport1 values(137,'Egilsstadir','Iceland',23,'Y');
insert into airport1 values(138,'Tofino','Canada',24,'Y');
insert into airport1 values(139,'Stephenville','Canada',24,'Y');
insert into airport1 values(140,'Liverpool','United Kingdom',24,'Y');
insert into airport1 values(141,'Scatsta','United Kingdom',25,'Y');
insert into airport1 values(142,'Galway','Ireland',25,'Y');
insert into airport1 values(143,'Houari Boumediene','Algeria',25,'Y');
insert into airport1 values(144,'Aarhus','Denmark',25,'Y');
insert into airport1 values(145,'Kruunupyy','Finland',26,'Y');
insert into airport1 values(146,'Evenes','Norway',26,'Y');
insert into airport1 values(147,'Thyna','Tunisia',26,'Y');
insert into airport1 values(148,'Karmoy','Norway',26,'Y');
insert into airport1 values(149,'Clyde River','Canada',27,'Y');
insert into airport1 values(150,'Port Harcourt Intl','Nigeria',27,'Y');
insert into airport1 values(151,'Krusa Padborg','Denmark',27,'Y');
insert into airport1 values(152,'Longyear','Norway',27,'Y');
insert into airport1 values(153,'Cambridge Bay','Canada',27,'Y');
insert into airport1 values(154,'St Hubert','Canada',27,'Y');
insert into airport1 values(155,'Bravalla','Sweden',27,'Y');
insert into airport1 values(156,'Greenwood','Canada',28,'Y');
insert into airport1 values(157,'Topcliffe','United Kingdom',28,'Y');
insert into airport1 values(158,'Nanaimo','Canada',28,'Y');
insert into airport1 values(159,'Prince Said Ibrahim','Comoros',28,'Y');
insert into airport1 values(160,'Esbjerg','Denmark',30,'Y');
insert into airport1 values(161,'Gronholt Hillerod','Denmark',30,'Y');
insert into airport1 values(162,'Alexander Bay','South Africa',30,'Y');
insert into airport1 values(163,'Kiel Holtenau','Germany',31,'Y');
insert into airport1 values(164,'Gloucestershire','United Kingdom',31,'Y');
insert into airport1 values(165,'Exeter','United Kingdom',31,'Y');
insert into airport1 values(166,'St Anthony','Canada',33,'Y');
insert into airport1 values(167,'Miramichi','Canada',33,'Y');
insert into airport1 values(168,'Gaspe','Canada',33,'Y');
insert into airport1 values(169,'Borj El Amri','Tunisia',33,'Y');
insert into airport1 values(170,'Langebaanweg','South Africa',33,'Y');
insert into airport1 values(171,'Iqaluit','Canada',34,'Y');
insert into airport1 values(172,'Kerry','Ireland',34,'Y');
insert into airport1 values(173,'Budel','Netherlands',35,'Y');
insert into airport1 values(174,'Twenthe','Netherlands',35,'Y');
insert into airport1 values(175,'Fort Mcpherson','Canada',35,'Y');
insert into airport1 values(176,'Ulukhaktok Holman','Canada',36,'Y');
insert into airport1 values(177,'Norwich','United Kingdom',36,'Y');
insert into airport1 values(178,'Dishforth','United Kingdom',36,'Y');
insert into airport1 values(179,'Waterford','Ireland',36,'Y');
insert into airport1 values(180,'Aars','Denmark',36,'Y');
insert into airport1 values(181,'Tegel','Germany',37,'Y');
insert into airport1 values(182,'Northolt','United Kingdom',38,'Y');
insert into airport1 values(183,'Monchengladbach','Germany',38,'Y');
insert into airport1 values(184,'Wick','United Kingdom',38,'Y');
insert into airport1 values(185,'Diepholz','Germany',39,'Y');
insert into airport1 values(186,'Celle','Germany',39,'Y');
insert into airport1 values(187,'Rheine Bentlage','Germany',39,'Y');
insert into airport1 values(188,'Kyritz','Germany',40,'Y');
insert into airport1 values(189,'Flensburg Schaferhaus','Germany',40,'Y');
insert into airport1 values(190,'Schonhagen','Germany',40,'Y');
insert into airport1 values(191,'Tallinn','Estonia',40,'Y');
insert into airport1 values(192,'Charlo','Canada',40,'Y');
insert into airport1 values(193,'Leeming','United Kingdom',40,'Y');
insert into airport1 values(194,'Murtala Muhammed','Nigeria',41,'Y');
insert into airport1 values(195,'Edinburgh','United Kingdom',41,'Y');
insert into airport1 values(196,'Wyton','United Kingdom',41,'Y');
insert into airport1 values(197,'St Jean','Canada',41,'Y');
insert into airport1 values(198,'Trollhattan Vanersborg','Sweden',42,'Y');
insert into airport1 values(199,'Eskilstuna','Sweden',42,'Y');
insert into airport1 values(200,'Skavsta','Sweden',43,'Y');
insert into airport1 values(201,'Skrydstrup','Denmark',43,'Y');
insert into airport1 values(202,'Kolding Vamdrup','Denmark',44,'Y');
insert into airport1 values(203,'Port Moresby Jacksons Intl','Papua New Guinea',45,'Y');
insert into airport1 values(204,'Roskilde','Denmark',45,'Y');
insert into airport1 values(205,'Dusseldorf','Germany',45,'Y');
insert into airport1 values(206,'Eisenhuttenstadt','Germany',45,'Y');
insert into airport1 values(207,'Kauhava','Finland',46,'Y');
insert into airport1 values(208,'Gjoa Haven','Canada',46,'Y');
insert into airport1 values(209,'St Angelo','United Kingdom',47,'Y');
insert into airport1 values(210,'Schonefeld','Germany',48,'Y');
insert into airport1 values(211,'Stadtlohn Vreden','Germany',48,'Y');
insert into airport1 values(212,'Deelen','Netherlands',48,'Y');
insert into airport1 values(213,'Wellesbourne Mountford','United Kingdom',48,'Y');
insert into airport1 values(214,'Haverfordwest','United Kingdom',48,'Y');
insert into airport1 values(215,'Munster Osnabruck','Germany',49,'Y');
insert into airport1 values(216,'Sorstokken','Norway',49,'Y');
insert into airport1 values(217,'St Athan','United Kingdom',50,'Y');
insert into airport1 values(218,'Visby','Sweden',50,'Y');
insert into airport1 values(219,'Schwerin Parchim','Germany',51,'Y');
insert into airport1 values(220,'Shearwater','Canada',51,'N');
insert into airport1 values(221,'Tempelhof','Germany',51,'Y');
insert into airport1 values(222,'Karup','Denmark',52,'Y');
insert into airport1 values(223,'Flesland','Norway',52,'Y');
insert into airport1 values(224,'Keflavik International Airport','Iceland',52,'Y');
insert into airport1 values(225,'Saab','Sweden',52,'Y');
insert into airport1 values(226,'Honington','United Kingdom',53,'Y');
insert into airport1 values(227,'Moss','Norway',53,'Y');
insert into airport1 values(228,'Helsinki Vantaa','Finland',55,'Y');
insert into airport1 values(229,'Sept Iles','Canada',55,'Y');
insert into airport1 values(230,'Pond Inlet','Canada',55,'Y');
insert into airport1 values(231,'Satenas','Sweden',55,'Y');
insert into airport1 values(232,'Hannover','Germany',56,'Y');
insert into airport1 values(233,'Brussels Natl','Belgium',56,'Y');
insert into airport1 values(234,'Stendal Borstel','Germany',56,'Y');
insert into airport1 values(235,'Bou Sfer','Algeria',57,'Y');
insert into airport1 values(236,'Dessau','Germany',57,'Y');
insert into airport1 values(237,'Ronneby','Sweden',58,'Y');
insert into airport1 values(238,'Chievres Ab','Belgium',59,'Y');
insert into airport1 values(239,'Babimost','Poland',59,'Y');
insert into airport1 values(240,'Kleine Brogel','Belgium',61,'Y');
insert into airport1 values(241,'Lidkoping','Sweden',61,'Y');
insert into airport1 values(242,'Scampton','United Kingdom',62,'Y');
insert into airport1 values(243,'Miandrivazo','Madagascar',62,'Y');
insert into airport1 values(244,'Kvernberget','Norway',62,'Y');
insert into airport1 values(245,'Kotoka Intl','Ghana',63,'Y');
insert into airport1 values(246,'Calabar','Nigeria',64,'Y');
insert into airport1 values(247,'Dyce','United Kingdom',66,'Y');
insert into airport1 values(248,'Cranwell','United Kingdom',66,'Y');
insert into airport1 values(249,'Tartu','Estonia',67,'Y');
insert into airport1 values(250,'Rechlin Larz','Germany',67,'Y');
insert into airport1 values(251,'Cardiff','United Kingdom',67,'Y');
insert into airport1 values(252,'Inuvik Mike Zubko','Canada',68,'Y');
insert into airport1 values(253,'Bristol Filton','United Kingdom',69,'Y');
insert into airport1 values(254,'Benson','United Kingdom',69,'Y');
insert into airport1 values(255,'Rada','Sweden',70,'Y');
insert into airport1 values(256,'Buckeburg','Germany',70,'Y');
insert into airport1 values(257,'Sheffield City','United Kingdom',70,'Y');
insert into airport1 values(258,'Waddington','United Kingdom',70,'Y');
insert into airport1 values(259,'Gutersloh','Germany',72,'Y');
insert into airport1 values(260,'Kjaerstad','Norway',72,'Y');
insert into airport1 values(261,'Nadzab','Papua New Guinea',73,'Y');
insert into airport1 values(262,'Dublin','Ireland',74,'Y');
insert into airport1 values(263,'Mount Pleasant','Falkland Islands',74,'Y');
insert into airport1 values(264,'Fassberg','Germany',75,'Y');
insert into airport1 values(265,'Billund','Denmark',75,'Y');
insert into airport1 values(266,'Shawbury','United Kingdom',76,'Y');
insert into airport1 values(267,'Ylivieska','Finland',77,'Y');
insert into airport1 values(268,'Bardufoss','Norway',77,'Y');
insert into airport1 values(269,'Eureka','Canada',78,'Y');
insert into airport1 values(270,'Manchester','United Kingdom',78,'Y');
insert into airport1 values(271,'Benin','Nigeria',79,'Y');
insert into airport1 values(272,'Eura','Finland',79,'Y');
insert into airport1 values(273,'Strausberg','Germany',80,'Y');
insert into airport1 values(274,'Holzdorf','Germany',81,'Y');
insert into airport1 values(275,'Coventry','United Kingdom',81,'Y');
insert into airport1 values(276,'Culdrose','United Kingdom',81,'Y');
insert into airport1 values(277,'Magdeburg','Germany',82,'Y');
insert into airport1 values(278,'Belfast Intl','United Kingdom',82,'Y');
insert into airport1 values(279,'Kidlington','United Kingdom',82,'Y');
insert into airport1 values(280,'Kleinsee','South Africa',82,'Y');
insert into airport1 values(281,'Ternhill','United Kingdom',83,'Y');
insert into airport1 values(282,'Cosford','United Kingdom',83,'Y');
insert into airport1 values(283,'Wittering','United Kingdom',83,'Y');
insert into airport1 values(284,'Cottbus Drewitz','Germany',84,'Y');
insert into airport1 values(285,'Jersey','Jersey',84,'Y');
insert into airport1 values(286,'Sidi Mahdi','Algeria',85,'Y');
insert into airport1 values(287,'Vagar','Faroe Islands',85,'Y');
insert into airport1 values(288,'Relizane','Algeria',86,'Y');
insert into airport1 values(289,'Wolverhampton','United Kingdom',86,'Y');
insert into airport1 values(290,'Hoybuktmoen','Norway',86,'Y');
insert into airport1 values(291,'Wattisham','United Kingdom',87,'Y');
insert into airport1 values(292,'Varkaus','Finland',87,'Y');
insert into airport1 values(293,'Fairford','United Kingdom',87,'Y');
insert into airport1 values(294,'Nefta','Tunisia',88,'Y');
insert into airport1 values(295,'Brize Norton','United Kingdom',88,'Y');
insert into airport1 values(296,'Biskra','Algeria',88,'Y');
insert into airport1 values(297,'Alderney','Guernsey',88,'Y');
insert into airport1 values(298,'Forestville','Canada',89,'Y');
insert into airport1 values(299,'Hildesheim','Germany',89,'Y');
insert into airport1 values(300,'Es Senia','Algeria',90,'Y');
insert into airport1 values(301,'Worms','Germany',90,'Y');
insert into airport1 values(302,'Braunschweig Wolfsburg','Germany',90,'Y');
insert into airport1 values(303,'Manchester Woodford','United Kingdom',90,'Y');
insert into airport1 values(304,'Geilenkirchen','Germany',90,'Y');
insert into airport1 values(305,'Swansea','United Kingdom',91,'Y');
insert into airport1 values(306,'Bomoen','Norway',91,'Y');
insert into airport1 values(307,'Koln Bonn','Germany',92,'Y');
insert into airport1 values(308,'Kingston','Canada',93,'Y');
insert into airport1 values(309,'Malmen','Sweden',94,'Y');
insert into airport1 values(310,'Karlsborg','Sweden',94,'Y');
insert into airport1 values(311,'Mannheim City','Germany',94,'Y');
insert into airport1 values(312,'Speyer','Germany',95,'Y');
insert into airport1 values(313,'Casement','Ireland',97,'Y');
insert into airport1 values(314,'North Weald','United Kingdom',98,'Y');
insert into airport1 values(315,'Riesa Gohlis','Germany',98,'Y');
insert into airport1 values(316,'Kuopio','Finland',98,'Y');
insert into airport1 values(317,'Skovde','Sweden',99,'Y');
insert into airport1 values(318,'Vestmannaeyjar','Iceland',99,'Y');
insert into airport1 values(319,'Birmingham','United Kingdom',100,'Y');
insert into airport1 values(320,'Boufarik','Algeria',102,'Y');
insert into airport1 values(321,'Guernsey','Guernsey',102,'Y');
insert into airport1 values(322,'Immola','Finland',103,'Y');
insert into airport1 values(323,'Utti','Finland',103,'Y');
insert into airport1 values(324,'Merseburg','Germany',104,'Y');
insert into airport1 values(325,'Campbell River','Canada',105,'Y');
insert into airport1 values(326,'Halle Oppin','Germany',106,'Y');
insert into airport1 values(327,'Stansted','United Kingdom',106,'Y');
insert into airport1 values(328,'Lappeenranta','Finland',106,'Y');
insert into airport1 values(329,'Kjeller','Norway',108,'Y');
insert into airport1 values(330,'Ornskoldsvik','Sweden',108,'Y');
insert into airport1 values(331,'Cranfield','United Kingdom',109,'Y');
insert into airport1 values(332,'Frankfurt Main','Germany',111,'Y');
insert into airport1 values(333,'Kitee','Finland',111,'Y');
insert into airport1 values(334,'Tafaraoui','Algeria',112,'Y');
insert into airport1 values(335,'Barkston Heath','United Kingdom',112,'Y');
insert into airport1 values(336,'Hanau Aaf','Germany',112,'Y');
insert into airport1 values(337,'Beauvechain','Belgium',113,'Y');
insert into airport1 values(338,'Makurdi','Nigeria',113,'Y');
insert into airport1 values(339,'Arrachart','Madagascar',114,'Y');
insert into airport1 values(340,'Maastricht','Netherlands',114,'Y');
insert into airport1 values(341,'Kiikala','Finland',116,'Y');
insert into airport1 values(342,'Egelsbach','Germany',117,'Y');
insert into airport1 values(343,'St Mawgan','United Kingdom',119,'Y');
insert into airport1 values(344,'Joensuu','Finland',121,'Y');
insert into airport1 values(345,'Finsterwalde Schacksdorf','Germany',122,'Y');
insert into airport1 values(346,'Karlskoga','Sweden',122,'Y');
insert into airport1 values(347,'Strachowice','Poland',123,'Y');
insert into airport1 values(348,'Odiham','United Kingdom',123,'Y');
insert into airport1 values(349,'Kauhajoki','Finland',124,'Y');
insert into airport1 values(350,'Boscombe Down','United Kingdom',124,'Y');
insert into airport1 values(351,'Grossenhain','Germany',127,'Y');
insert into airport1 values(352,'Essen Mulheim','Germany',129,'Y');


/* Insert data into Airport2 */
insert into airport2 values(1,'Stansted','UK',348);
insert into airport2 values(8,'Tafaraoui','AG',367);
insert into airport2 values(35,'Ech Cheliff','AG',463);
insert into airport2 values(36,'Oued Irara','AG',463);
insert into airport2 values(47,'Ouargla','AG',492);
insert into airport2 values(58,'Blida','AG',535);
insert into airport2 values(96,'Zenata','AG',814);
insert into airport2 values(103,'In Salah','AG',896);
insert into airport2 values(105,'Touat Cheikh Sidi Mohamed Belkebir','AG',919);
insert into airport2 values(106,'Reggane','AG',955);
insert into airport2 values(116,'Timimoun','AG',1027);
insert into airport2 values(149,'El Golea','AG',1306);
insert into airport2 values(157,'Tindouf','AG',1453);
insert into airport2 values(160,'Bou Saada','AG',1506);
insert into airport2 values(163,'Noumerat','AG',1512);
insert into airport2 values(174,'Sidi Bel Abbes','AG',1614);
insert into airport2 values(179,'Ghriss','AG',1686);
insert into airport2 values(182,'Illizi Takhamalt','AG',1778);
insert into airport2 values(185,'In Amenas','AG',1847);
insert into airport2 values(199,'Ain Oussera','AG',2132);
insert into airport2 values(203,'Mohamed Boudiaf Intl','AG',2265);
insert into airport2 values(210,'Laghouat','AG',2510);
insert into airport2 values(211,'Hassi R Mel','AG',2540);
insert into airport2 values(219,'Cheikh Larbi Tebessi','AG',2661);
insert into airport2 values(226,'Tiska','AG',3176);
insert into airport2 values(227,'Bou Chekif','AG',3245);
insert into airport2 values(235,'Mecheria','AG',3855);
insert into airport2 values(248,'Tamanrasset','AG',4518);
insert into airport2 values(11,'Beauvechain','BE',370);
insert into airport2 values(66,'Brussels South','BE',614);
insert into airport2 values(164,'Bertrix','BE',1514);
insert into airport2 values(221,'Selebi Phikwe','BC',2925);
insert into airport2 values(225,'Maun','BC',3093);
insert into airport2 values(228,'Francistown','BC',3283);
insert into airport2 values(229,'Kasane','BC',3289);
insert into airport2 values(230,'Sir Seretse Khama Intl','BC',3299);
insert into airport2 values(236,'Jwaneng','BC',3900);
insert into airport2 values(118,'Ouagadougou','UV',1037);
insert into airport2 values(162,'Bobo Dioulasso','UV',1511);
insert into airport2 values(94,'Garoua','CM',794);
insert into airport2 values(209,'Yaounde Ville','CM',2464);
insert into airport2 values(237,'Bamenda','CM',4065);
insert into airport2 values(243,'Bafoussam','CM',4347);
insert into airport2 values(42,'Halifax Intl','CA',477);
insert into airport2 values(55,'Bagotville','CA',522);
insert into airport2 values(56,'Fort Resolution','CA',526);
insert into airport2 values(59,'Hay River','CA',543);
insert into airport2 values(61,'Fort Simpson','CA',555);
insert into airport2 values(69,'Sault Ste Marie','CA',630);
insert into airport2 values(71,'La Grande Riviere','CA',639);
insert into airport2 values(75,'Buttonville Muni','CA',650);
insert into airport2 values(88,'Winnipeg St Andrews','CA',760);
insert into airport2 values(91,'Hamilton','CA',780);
insert into airport2 values(110,'Flin Flon','CA',997);
insert into airport2 values(111,'Dauphin Barker','CA',999);
insert into airport2 values(120,'Waterloo','CA',1054);
insert into airport2 values(131,'Kamloops','CA',1133);
insert into airport2 values(133,'Geraldton Greenstone Regional','CA',1144);
insert into airport2 values(135,'Hudson Bay','CA',1175);
insert into airport2 values(139,'Dawson City','CA',1215);
insert into airport2 values(152,'Brandon Muni','CA',1343);
insert into airport2 values(153,'Dryden Rgnl','CA',1354);
insert into airport2 values(156,'Atikokan Muni','CA',1408);
insert into airport2 values(175,'Castlegar','CA',1624);
insert into airport2 values(180,'Schefferville','CA',1709);
insert into airport2 values(190,'Estevan','CA',1905);
insert into airport2 values(200,'Dawson Creek','CA',2148);
insert into airport2 values(204,'Kindersley','CA',2277);
insert into airport2 values(205,'Princeton','CA',2298);
insert into airport2 values(206,'Teslin','CA',2313);
insert into airport2 values(207,'Faro','CA',2351);
insert into airport2 values(208,'Edmonton Intl','CA',2373);
insert into airport2 values(212,'Whitecourt','CA',2567);
insert into airport2 values(213,'Coronation','CA',2595);
insert into airport2 values(214,'Dease Lake','CA',2600);
insert into airport2 values(216,'Burwash','CA',2647);
insert into airport2 values(218,'Fairmont Hot Springs','CA',2661);
insert into airport2 values(223,'Edson','CA',3041);
insert into airport2 values(2,'Lappeenranta','FI',349);
insert into airport2 values(7,'Kitee','FI',364);
insert into airport2 values(15,'Kiikala','FI',381);
insert into airport2 values(18,'Joensuu','FI',398);
insert into airport2 values(23,'Kauhajoki','FI',407);
insert into airport2 values(28,'Hyvinkaa','FI',430);
insert into airport2 values(31,'Hameenkyro','FI',449);
insert into airport2 values(33,'Jyvaskyla','FI',459);
insert into airport2 values(43,'Halli','FI',479);
insert into airport2 values(44,'Ivalo','FI',481);
insert into airport2 values(45,'Kajaani','FI',483);
insert into airport2 values(50,'Lahti Vesivehmaa','FI',502);
insert into airport2 values(74,'Kittila','FI',644);
insert into airport2 values(80,'Kemijarvi','FI',692);
insert into airport2 values(102,'Kuusamo','FI',866);
insert into airport2 values(113,'Enontekio','FI',1005);
insert into airport2 values(6,'Frankfurt Main','GM',364);
insert into airport2 values(10,'Hanau Aaf','GM',368);
insert into airport2 values(16,'Egelsbach','GM',385);
insert into airport2 values(19,'Finsterwalde Schacksdorf','GM',399);
insert into airport2 values(25,'Grossenhain','GM',417);
insert into airport2 values(26,'Essen Mulheim','GM',424);
insert into airport2 values(27,'Dortmund','GM',425);
insert into airport2 values(32,'Bielefeld','GM',454);
insert into airport2 values(38,'Leipzig Halle','GM',465);
insert into airport2 values(48,'Kamenz','GM',495);
insert into airport2 values(54,'Rothenburg Gorlitz','GM',517);
insert into airport2 values(62,'Fritzlar','GM',566);
insert into airport2 values(63,'Bautzen','GM',568);
insert into airport2 values(64,'Mendig','GM',597);
insert into airport2 values(72,'Altenburg Nobitz','GM',640);
insert into airport2 values(73,'Koblenz Winningen','GM',640);
insert into airport2 values(76,'Trier Fohren','GM',665);
insert into airport2 values(79,'Kitzingen Aaf','GM',689);
insert into airport2 values(82,'Paderborn Lippstadt','GM',699);
insert into airport2 values(83,'Hassfurt Schweinfurt','GM',718);
insert into airport2 values(87,'Dresden','GM',755);
insert into airport2 values(89,'Mainz Finthen','GM',760);
insert into airport2 values(90,'Ramstein Ab','GM',776);
insert into airport2 values(93,'Arnsberg Menden','GM',794);
insert into airport2 values(95,'Freiburg','GM',799);
insert into airport2 values(98,'Bamberg Aaf','GM',823);
insert into airport2 values(104,'Kassel Calden','GM',908);
insert into airport2 values(107,'Giebelstadt Aaf','GM',980);
insert into airport2 values(108,'Vilshofen','GM',991);
insert into airport2 values(117,'Erfurt','GM',1036);
insert into airport2 values(119,'Nurnberg','GM',1046);
insert into airport2 values(121,'Straubing','GM',1054);
insert into airport2 values(122,'Saarbrucken','GM',1058);
insert into airport2 values(128,'Eisenach Kindel','GM',1101);
insert into airport2 values(132,'Zweibrucken','GM',1133);
insert into airport2 values(134,'Allendorf Eder','GM',1164);
insert into airport2 values(136,'Spangdahlem Ab','GM',1197);
insert into airport2 values(137,'Ingolstadt Manching','GM',1202);
insert into airport2 values(140,'Jena Schongleina','GM',1228);
insert into airport2 values(144,'Neuburg','GM',1249);
insert into airport2 values(146,'Roth','GM',1268);
insert into airport2 values(148,'Stuttgart','GM',1276);
insert into airport2 values(150,'Schwabisch Hall','GM',1311);
insert into airport2 values(151,'Eggenfelden','GM',1342);
insert into airport2 values(154,'Grafenwohr Aaf','GM',1363);
insert into airport2 values(155,'Friedrichshafen','GM',1367);
insert into airport2 values(158,'Hohenfels Aaf','GM',1455);
insert into airport2 values(159,'Franz Josef Strauss','GM',1487);
insert into airport2 values(166,'Augsburg','GM',1515);
insert into airport2 values(169,'Niederstetten','GM',1536);
insert into airport2 values(170,'Meinerzhagen','GM',1548);
insert into airport2 values(173,'Bayreuth','GM',1601);
insert into airport2 values(176,'Frankfurt Hahn','GM',1649);
insert into airport2 values(178,'Burg Feuerstein','GM',1674);
insert into airport2 values(181,'Laupheim','GM',1766);
insert into airport2 values(183,'Mengen Hohentengen','GM',1820);
insert into airport2 values(184,'Lechfeld','GM',1822);
insert into airport2 values(187,'Mindelheim Mattsies','GM',1857);
insert into airport2 values(188,'Dahlemer Binz','GM',1896);
insert into airport2 values(189,'Biberach An Der Riss','GM',1903);
insert into airport2 values(191,'Aalen Heidenheim Elchingen','GM',1916);
insert into airport2 values(192,'Oberpfaffenhofen','GM',1947);
insert into airport2 values(194,'Hof Plauen','GM',1960);
insert into airport2 values(195,'Siegerland','GM',1966);
insert into airport2 values(198,'Leutkirch Unterzeil','GM',2099);
insert into airport2 values(202,'Donaueschingen Villingen','GM',2231);
insert into airport2 values(60,'Tamale','GH',553);
insert into airport2 values(115,'Sunyani','GH',1014);
insert into airport2 values(123,'Wa','GH',1060);
insert into airport2 values(51,'Cork','EI',502);
insert into airport2 values(77,'Ireland West Knock','EI',665);
insert into airport2 values(142,'Luxembourg','LU',1234);
insert into airport2 values(13,'Arrachart','MA',374);
insert into airport2 values(240,'Ivato','MA',4198);
insert into airport2 values(85,'Diori Hamani','NI',732);
insert into airport2 values(109,'Diffa','NI',994);
insert into airport2 values(143,'Maradi','NI',1240);
insert into airport2 values(145,'Tahoua','NI',1266);
insert into airport2 values(147,'Dirkou','NI',1273);
insert into airport2 values(167,'Zinder','NI',1516);
insert into airport2 values(177,'Manu Dayak','NI',1657);
insert into airport2 values(12,'Makurdi','NG',371);
insert into airport2 values(39,'Enugu','NG',466);
insert into airport2 values(65,'Yola','NG',599);
insert into airport2 values(84,'Ibadan','NG',725);
insert into airport2 values(100,'Minna New','NG',834);
insert into airport2 values(114,'Sadiq Abubakar Iii Intl','NG',1010);
insert into airport2 values(126,'Maiduguri','NG',1099);
insert into airport2 values(127,'Akure','NG',1100);
insert into airport2 values(129,'Nnamdi Azikiwe Intl','NG',1123);
insert into airport2 values(130,'Ilorin','NG',1126);
insert into airport2 values(168,'Gusau','NG',1520);
insert into airport2 values(172,'Mallam Aminu Intl','NG',1562);
insert into airport2 values(197,'Kaduna','NG',2073);
insert into airport2 values(201,'Zaria','NG',2170);
insert into airport2 values(241,'Yakubu Gowon','NG',4232);
insert into airport2 values(3,'Kjeller','NO',354);
insert into airport2 values(37,'Geiteryggen','NO',463);
insert into airport2 values(46,'Batsfjord','NO',490);
insert into airport2 values(78,'Gardermoen','NO',681);
insert into airport2 values(196,'Roros','NO',2054);
insert into airport2 values(215,'Dagali','NO',2618);
insert into airport2 values(220,'Leirin','NO',2697);
insert into airport2 values(255,'Goroka','PP',5282);
insert into airport2 values(257,'Mount Hagen','PP',5388);
insert into airport2 values(21,'Strachowice','PL',404);
insert into airport2 values(49,'Margate','SF',495);
insert into airport2 values(193,'Bhisho','SF',1950);
insert into airport2 values(217,'Aggeneys','SF',2648);
insert into airport2 values(222,'Marble Hall','SF',2980);
insert into airport2 values(224,'Makhado Afb','SF',3069);
insert into airport2 values(233,'Ladysmith','SF',3548);
insert into airport2 values(242,'Zeerust','SF',4258);
insert into airport2 values(244,'Johan Pienaar','SF',4382);
insert into airport2 values(245,'Welkom','SF',4399);
insert into airport2 values(246,'Bloemfontein Intl','SF',4458);
insert into airport2 values(247,'Lanseria','SF',4517);
insert into airport2 values(250,'Kroonstad','SF',4700);
insert into airport2 values(251,'Lichtenburg','SF',4875);
insert into airport2 values(252,'Middelburg','SF',4886);
insert into airport2 values(253,'Waterkloof Afb','SF',4940);
insert into airport2 values(254,'Witbank','SF',5078);
insert into airport2 values(256,'Brakpan','SF',5300);
insert into airport2 values(258,'Krugersdorp','SF',5499);
insert into airport2 values(259,'Bethlehem','SF',5561);
insert into airport2 values(260,'Majuba Power Station','SF',5600);
insert into airport2 values(4,'Ornskoldsvik','SW',354);
insert into airport2 values(20,'Karlskoga','SW',400);
insert into airport2 values(52,'Landvetter','SW',506);
insert into airport2 values(70,'Mora','SW',634);
insert into airport2 values(86,'Jonkoping','SW',741);
insert into airport2 values(92,'Falkoping','SW',785);
insert into airport2 values(161,'Kiruna','SW',1508);
insert into airport2 values(171,'Kalixfors','SW',1549);
insert into airport2 values(99,'El Borma','TS',827);
insert into airport2 values(112,'Remada','TS',1004);
insert into airport2 values(124,'Gafsa','TS',1060);
insert into airport2 values(5,'Cranfield','UK',358);
insert into airport2 values(9,'Barkston Heath','UK',367);
insert into airport2 values(17,'St Mawgan','UK',390);
insert into airport2 values(22,'Odiham','UK',405);
insert into airport2 values(24,'Boscombe Down','UK',407);
insert into airport2 values(29,'Kemble','UK',433);
insert into airport2 values(30,'Turweston','UK',448);
insert into airport2 values(34,'Cottesmore','UK',461);
insert into airport2 values(40,'Leicester','UK',469);
insert into airport2 values(41,'Plymouth','UK',476);
insert into airport2 values(53,'Lyneham','UK',513);
insert into airport2 values(57,'Luton','UK',526);
insert into airport2 values(67,'Lasham','UK',618);
insert into airport2 values(68,'Bristol','UK',622);
insert into airport2 values(186,'Mfuwe','ZA',1853);
insert into airport2 values(231,'Livingstone','ZA',3302);
insert into airport2 values(232,'Mongu','ZA',3488);
insert into airport2 values(234,'Lusaka Intl','ZA',3779);
insert into airport2 values(238,'Southdowns','ZA',4145);
insert into airport2 values(239,'Ndola','ZA',4167);
insert into airport2 values(249,'Kasompe','ZA',4636);



select count(*) from country_code;
select count(*) from airport1;
select count(*) from airport2;



-----------------------------------------------------------



drop table airport_merged;

Create Table airport_merged(
  airport_id int not null primary key,
  airport_name varchar(100) not null,
  country_code varchar(10) not null,
  altitude int
);

drop table airport_stage;

Create table airport_stage(
a_id int not null,
a_name varchar(100),
country_code varchar(10),
altitude int
);

--change airport1 to feet from metres
update airport1
set airport_altitude = airport_altitude*3.28084; 

--remove not actives
DELETE FROM airport1
WHERE active='N';

select * from airport1;

--create new sequence
drop sequence merge_seq;

create sequence merge_seq
start with 1 
increment by 1 
nomaxvalue; 

drop trigger merge_trigger;

-- trigger to add id to airport_stage before insert
create or replace trigger merge_trigger
before insert on airport_stage
for each row
begin
select merge_seq.nextval into :new.a_id from dual;
end;

--inserts airport1 values into airport_stage using country_code instead of country_name
insert into airport_stage(a_name, country_code, altitude) 
select airport1.airport_name, country_code.country_code, airport1.airport_altitude 
from airport1
inner join country_code
on airport1.airport_country = country_code.country_name;

--insert airport 2 values into airport_stage where the airport name is not in airport_stage already
insert into airport_stage (a_name,country_code,altitude) 
select a_name,a_country_code,a_altitude from airport2 where a_name NOT IN (select a_name from airport_stage);

--insert airport_stage into airport_merged where the airport id is not already there
insert into airport_merged 
select a_id, a_name, country_code, altitude from airport_stage am where
not exists (select * from airport_merged where am.a_id = airport_merged.airport_id );

select count(*) from airport_stage;

select count(*) from airport_merged;

select * from airport_stage; 

select * from airport_merged;
